<?xml version="1.0" encoding="UTF8"?>
<data>
    <feeinfo>
        <ID>1000</ID>
        <price>1200</price>
        <desc>新手特惠包</desc>
    </feeinfo>
    <feeinfo>
        <ID>1001</ID>
        <price>4000</price>
        <desc>初级射手包</desc>
    </feeinfo>
    <feeinfo>
        <ID>1002</ID>
        <price>7800</price>
        <desc>超级冲关包</desc>
    </feeinfo>
    <feeinfo>
        <ID>1003</ID>
        <price>16800</price>
        <desc>高手超值包</desc>
    </feeinfo>
    <feeinfo>
        <ID>1004</ID>
        <price>32800</price>
        <desc>巨星划算包</desc>
    </feeinfo>
    <feeinfo>
        <ID>1005</ID>
        <price>64800</price>
        <desc>传奇王者包</desc>
    </feeinfo>
    <feeinfo>
        <ID>1006</ID>
        <price>1200</price>
        <desc>金币包1</desc>
    </feeinfo>
    <feeinfo>
        <ID>1007</ID>
        <price>3000</price>
        <desc>金币包2</desc>
    </feeinfo>
    <feeinfo>
        <ID>1008</ID>
        <price>6800</price>
        <desc>金币包3</desc>
    </feeinfo>
    <feeinfo>
        <ID>1009</ID>
        <price>12800</price>
        <desc>金币包4</desc>
    </feeinfo>
    <feeinfo>
        <ID>1010</ID>
        <price>25800</price>
        <desc>金币包5</desc>
    </feeinfo>
    <feeinfo>
        <ID>1011</ID>
        <price>51800</price>
        <desc>金币包6</desc>
    </feeinfo>
</data>